{"schemaVersion":"1.0","appDefinitionTemplate":{"id":"/providers/Microsoft.PowerApps/apps/","type":"Microsoft.PowerApps/apps","tags":{"primaryDeviceWidth":"1366","primaryDeviceHeight":"768","sienaVersion":"20220211T163405Z-3.22014.14.0","deviceCapabilities":"","supportsPortrait":"true","supportsLandscape":"true","primaryFormFactor":"Tablet","publisherVersion":"3.22014.14","minimumRequiredApiVersion":"2.2.0","hasComponent":"false","hasUnlockedComponent":"false","isUnifiedRootApp":"false"},"properties":{"appVersion":"2022-02-11T16:34:05Z","lifeCycleId":"Published","createdByClientVersion":{"major":3,"minor":22014,"build":14,"revision":0,"majorRevision":0,"minorRevision":0},"minClientVersion":{"major":3,"minor":22014,"build":14,"revision":0,"majorRevision":0,"minorRevision":0},"backgroundColor":"RGBA(0,176,240,1)","backgroundImageUri":"/1547402017726108948/Nd01478e8-3b38-4d92-8133-0e3f4f253b71-logoSmallFile","displayName":"Real Estate App","description":"","commitMessage":"","appUris":{"documentUri":{"value":"/1547402017726108948/N77ab849b-c9b1-42e8-99a4-bd4b0fc832d6-document.msapp"},"imageUris":[]},"createdTime":"0001-01-01T00:00:00Z","lastModifiedTime":"0001-01-01T00:00:00Z","sharedGroupsCount":0,"sharedUsersCount":0,"icons":{"smallIconUri":"/1547402017726108948/Nb4cb0530-a14f-45ba-ac4e-2b2d250decea-small.png","mediumIconUri":"/1547402017726108948/N30d17c5d-0333-4a9c-9644-bb3c4f703584-medium.png","largeIconUri":"/1547402017726108948/Nc5b4ec69-a1f3-4f7a-9b69-f8ac21faa73a-large.png","wideIconUri":"/1547402017726108948/N1c117bf4-78bf-4ada-a0ad-d0329e6667d0-wide.png"},"connectionReferences":{"2eb04be4-61ff-4429-94bc-8d486b9d6cc2":{"id":"77774c4e-23ed-4535-93e6-6b322875440c","displayName":"Excel","iconUri":"https://connectoricons-prod.azureedge.net/releases/v1.0.1542/1.0.1542.2635/excel/icon.png","dataSources":["Students","ListingsData","Agents"],"dependencies":["f28a4cb8-2f78-4462-a1b1-7cb2cde03533"],"dependents":[],"parameterHints":{"f28a4cb8-2f78-4462-a1b1-7cb2cde03533":{"value":"fileSource"}},"parameterHintsV2":{"fileSource":{"value":"f28a4cb8-2f78-4462-a1b1-7cb2cde03533"}},"isOnPremiseConnection":false,"bypassConsent":false,"dataSets":{"b!1mNm3akHwESIIRlmtVGzYMhYdt25Q7hBk71qM3M2WoHd2js5yVJcQqzyZP4MqnC4.01A6NFVFN5RMUT2DP4IJAYVM4ZASC7P365":{"dataSources":{"Students":{"tableName":"Students"}}},"b!1mNm3akHwESIIRlmtVGzYMhYdt25Q7hBk71qM3M2WoHd2js5yVJcQqzyZP4MqnC4.01A6NFVFJVNNTTPXSP25CZDLBBJGJKKUYU":{"dataSources":{"ListingsData":{"tableName":"ListingsData"}}},"b!1mNm3akHwESIIRlmtVGzYMhYdt25Q7hBk71qM3M2WoHd2js5yVJcQqzyZP4MqnC4.01A6NFVFJ525I6DMAMCREKQTTLHUTJA2XZ":{"dataSources":{"Agents":{"tableName":"Agents"}}}},"apiTier":"Standard","isCustomApiConnection":false,"actions":["providers/PowerPlatform.Governance/Operations/Read"]},"f28a4cb8-2f78-4462-a1b1-7cb2cde03533":{"id":"ce12cdc4-cba6-480b-bf98-970b14ad3d5c","displayName":"OneDrive for Business","iconUri":"https://connectoricons-prod.azureedge.net/releases/v1.0.1546/1.0.1546.2665/onedriveforbusiness/icon.png","dataSources":[],"dependencies":[],"dependents":["2eb04be4-61ff-4429-94bc-8d486b9d6cc2"],"parameterHints":{},"parameterHintsV2":{},"isOnPremiseConnection":false,"bypassConsent":false,"dataSets":{},"apiTier":"Standard","isCustomApiConnection":false},"f0431c63-5fe3-47a6-828e-96104cb9637a":{"id":"f4351ece-52ad-4ceb-91f9-461cae2730a6","displayName":"Spatial Services","iconUri":"https://connectoricons-prod.azureedge.net/releases/v1.0.1539/1.0.1539.2620/microsoftspatialservices/icon.png","dataSources":["SpatialServices"],"dependencies":[],"dependents":[],"parameterHints":{},"parameterHintsV2":{},"isOnPremiseConnection":false,"bypassConsent":false,"dataSets":{},"apiTier":"Premium","isCustomApiConnection":false}},"databaseReferences":{"default.cds":{"databaseDetails":{"referenceType":"Environmental","environmentName":"default.cds","overrideValues":{"status":"NotSpecified"}},"dataSources":{"Organizations":{"entitySetName":"organizations","logicalName":"organization"}},"actions":["providers/PowerPlatform.Governance/Operations/Read"]}},"almMode":"Environment","performanceOptimizationEnabled":true,"canConsumeAppPass":true,"executionRestrictions":{"isTeamsOnly":false,"dataLossPreventionEvaluationResult":{"status":"Compliant","lastEvaluationDate":"2022-02-10T09:41:57.0548618Z","violations":[],"violationsByPolicy":[],"violationErrorMessage":"The app uses the following connectors: ."}}},"appType":"ClassicCanvasApp","appComponents":[]}}