{"schemaVersion":"1.0","appDefinitionTemplate":{"id":"/providers/Microsoft.PowerApps/apps/","type":"Microsoft.PowerApps/apps","tags":{"primaryDeviceWidth":"1366","primaryDeviceHeight":"768","sienaVersion":"20220312T194839Z-3.22021.27.0","deviceCapabilities":"","supportsPortrait":"true","supportsLandscape":"true","primaryFormFactor":"Tablet","publisherVersion":"3.22021.27","minimumRequiredApiVersion":"2.2.0","hasComponent":"false","hasUnlockedComponent":"false","isUnifiedRootApp":"false"},"properties":{"appVersion":"2022-03-12T19:48:39Z","lifeCycleId":"Published","createdByClientVersion":{"major":3,"minor":22021,"build":27,"revision":0,"majorRevision":0,"minorRevision":0},"minClientVersion":{"major":3,"minor":22021,"build":27,"revision":0,"majorRevision":0,"minorRevision":0},"backgroundColor":"RGBA(0,176,240,1)","backgroundImageUri":"/5379430871219604397/Nac988a40-fbf7-47a7-b72d-4572130e6be7-logoSmallFile","displayName":"First Canvas App","description":"","commitMessage":"","appUris":{"documentUri":{"value":"/5379430871219604397/N6bf5be31-9a67-4065-8f9a-1fbd83b2770b-document.msapp"},"imageUris":[]},"createdTime":"0001-01-01T00:00:00Z","lastModifiedTime":"0001-01-01T00:00:00Z","sharedGroupsCount":0,"sharedUsersCount":0,"icons":{"smallIconUri":"/5379430871219604397/N2fc80a60-dfc9-4923-a817-f15d5be6dd31-small.png","mediumIconUri":"/5379430871219604397/Nd32241ed-260c-4d0d-b907-f9effa15ede3-medium.png","largeIconUri":"/5379430871219604397/Nb4a0687f-b324-4a6f-a142-a20f01e49901-large.png","wideIconUri":"/5379430871219604397/Nfdd9df89-64ad-4cd9-9d36-4ff1a42dcecc-wide.png"},"connectionReferences":{"b2a56c0b-13f2-42ab-94a9-3ce555bf0aa3":{"id":"77774c4e-23ed-4535-93e6-6b322875440c","displayName":"Excel","iconUri":"https://connectoricons-prod.azureedge.net/releases/v1.0.1559/1.0.1559.2722/excel/icon.png","dataSources":["Table1","Agents"],"dependencies":["234ed1d7-a90e-400e-9ece-6b0adad9d1e3"],"dependents":[],"parameterHints":{"234ed1d7-a90e-400e-9ece-6b0adad9d1e3":{"value":"fileSource"}},"parameterHintsV2":{"fileSource":{"value":"234ed1d7-a90e-400e-9ece-6b0adad9d1e3"}},"isOnPremiseConnection":false,"bypassConsent":false,"dataSets":{"b!1mNm3akHwESIIRlmtVGzYMhYdt25Q7hBk71qM3M2WoHd2js5yVJcQqzyZP4MqnC4.01A6NFVFOTEZZEAUDN2BHY7V2363VD7L32":{"dataSources":{"Table1":{"tableName":"Table1"}}},"b!1mNm3akHwESIIRlmtVGzYMhYdt25Q7hBk71qM3M2WoHd2js5yVJcQqzyZP4MqnC4.01A6NFVFLUGLA55HLZONBJUBR4TAFUE4BL":{"dataSources":{"Agents":{"tableName":"Agents"}}}},"apiTier":"Standard","isCustomApiConnection":false,"actions":["providers/PowerPlatform.Governance/Operations/Read"]},"234ed1d7-a90e-400e-9ece-6b0adad9d1e3":{"id":"ce12cdc4-cba6-480b-bf98-970b14ad3d5c","displayName":"OneDrive for Business","iconUri":"https://connectoricons-prod.azureedge.net/releases/v1.0.1546/1.0.1546.2665/onedriveforbusiness/icon.png","dataSources":[],"dependencies":[],"dependents":["b2a56c0b-13f2-42ab-94a9-3ce555bf0aa3"],"parameterHints":{},"parameterHintsV2":{},"isOnPremiseConnection":false,"bypassConsent":false,"dataSets":{},"apiTier":"Standard","isCustomApiConnection":false}},"databaseReferences":{},"almMode":"Environment","performanceOptimizationEnabled":true,"canConsumeAppPass":true,"executionRestrictions":{"isTeamsOnly":false,"dataLossPreventionEvaluationResult":{"status":"Compliant","lastEvaluationDate":"2022-03-11T16:16:57.9384279Z","violations":[],"violationsByPolicy":[],"violationErrorMessage":"The app uses the following connectors: ."}}},"appType":"ClassicCanvasApp","appComponents":[]}}