{"schemaVersion":"1.0","appDefinitionTemplate":{"id":"/providers/Microsoft.PowerApps/apps/","type":"Microsoft.PowerApps/apps","tags":{"primaryDeviceWidth":"640","primaryDeviceHeight":"1136","sienaVersion":"20220209T233656Z-3.22014.14.0","deviceCapabilities":"","supportsPortrait":"true","supportsLandscape":"true","primaryFormFactor":"Phone","publisherVersion":"3.22014.14","minimumRequiredApiVersion":"2.2.0","hasComponent":"false","hasUnlockedComponent":"false","isUnifiedRootApp":"false"},"properties":{"appVersion":"2022-02-09T23:36:56Z","lifeCycleId":"Published","createdByClientVersion":{"major":3,"minor":22014,"build":14,"revision":0,"majorRevision":0,"minorRevision":0},"minClientVersion":{"major":3,"minor":22014,"build":14,"revision":0,"majorRevision":0,"minorRevision":0},"backgroundColor":"RGBA(0,176,240,1)","backgroundImageUri":"/11080092146574654605/N4ab430b3-ddcc-4e52-9186-92c43496baf6-logoSmallFile","displayName":"Student list","description":"","commitMessage":"","appUris":{"documentUri":{"value":"/11080092146574654605/Nd9351440-23e8-45b1-aaf6-ee2f4f0c3868-document.msapp"},"imageUris":[]},"createdTime":"0001-01-01T00:00:00Z","lastModifiedTime":"0001-01-01T00:00:00Z","sharedGroupsCount":0,"sharedUsersCount":0,"icons":{"smallIconUri":"/11080092146574654605/N5d1eb7c5-0432-4c85-8fed-b48382e6817d-small.png","mediumIconUri":"/11080092146574654605/Na80f3124-8c5a-4704-a584-cf22a64bfba9-medium.png","largeIconUri":"/11080092146574654605/N7c3d4360-f713-4c6a-aee1-37272b22e86a-large.png","wideIconUri":"/11080092146574654605/N12f7ccb5-782f-4d4b-91ee-9afd0bf77179-wide.png"},"connectionReferences":{"e935514a-8e4c-4010-bd34-959710badb3a":{"id":"77774c4e-23ed-4535-93e6-6b322875440c","displayName":"Excel","iconUri":"https://connectoricons-prod.azureedge.net/releases/v1.0.1542/1.0.1542.2635/excel/icon.png","dataSources":["Students"],"dependencies":["c75d46fa-2f33-44a8-9272-a3f18601bdc5"],"dependents":[],"parameterHints":{"c75d46fa-2f33-44a8-9272-a3f18601bdc5":{"value":"fileSource"}},"parameterHintsV2":{"fileSource":{"value":"c75d46fa-2f33-44a8-9272-a3f18601bdc5"}},"isOnPremiseConnection":false,"bypassConsent":false,"dataSets":{"b!1mNm3akHwESIIRlmtVGzYMhYdt25Q7hBk71qM3M2WoHd2js5yVJcQqzyZP4MqnC4.01A6NFVFN5RMUT2DP4IJAYVM4ZASC7P365":{"dataSources":{"Students":{"tableName":"Students"}}}},"apiTier":"Standard","isCustomApiConnection":false,"actions":["providers/PowerPlatform.Governance/Operations/Read","providers/PowerPlatform.Governance/Operations/Write","providers/PowerPlatform.Governance/Operations/Delete"]},"c75d46fa-2f33-44a8-9272-a3f18601bdc5":{"id":"ce12cdc4-cba6-480b-bf98-970b14ad3d5c","displayName":"OneDrive for Business","iconUri":"https://connectoricons-prod.azureedge.net/releases/v1.0.1546/1.0.1546.2665/onedriveforbusiness/icon.png","dataSources":[],"dependencies":[],"dependents":["e935514a-8e4c-4010-bd34-959710badb3a"],"parameterHints":{},"parameterHintsV2":{},"isOnPremiseConnection":false,"bypassConsent":false,"dataSets":{},"apiTier":"Standard","isCustomApiConnection":false}},"databaseReferences":{},"almMode":"Environment","performanceOptimizationEnabled":true,"canConsumeAppPass":true,"executionRestrictions":{"isTeamsOnly":false,"dataLossPreventionEvaluationResult":{"status":"Compliant","lastEvaluationDate":"2022-02-09T13:24:08.4124746Z","violations":[],"violationsByPolicy":[],"violationErrorMessage":"The app uses the following connectors: shared_excel, shared_onedriveforbusiness."}}},"appType":"ClassicCanvasApp","appComponents":[]}}